{
  "benchmark": "timeqa",
  "version": "4.3.0",
  "backend": "minimax",
  "total": 3,
  "correct": 1,
  "accuracy": 0.3333333333333333,
  "recall_at_1": 0.0,
  "recall_at_3": 0.0,
  "recall_at_5": 0.3333333333333333,
  "temporal_buckets": {
    "unknown": 0.3333333333333333
  },
  "avg_query_time_ms": 471.35386099883664,
  "avg_add_time_ms": 135.11189769523105
}