{
  "benchmark": "timeqa",
  "version": "4.3.0",
  "backend": "minimax",
  "total": 10,
  "correct": 6,
  "accuracy": 0.6,
  "recall_at_1": 0.1,
  "recall_at_3": 0.6,
  "recall_at_5": 0.6,
  "temporal_buckets": {
    "mid": 0.8333333333333334,
    "far": 0.0,
    "near": 0.3333333333333333
  },
  "avg_query_time_ms": 0.8058710023760796,
  "avg_add_time_ms": 0.6172585068270564
}