{
  "version": "3.0.0",
  "timestamp": "2026-05-28T23:43:40.589176",
  "python": "3.11.15 | packaged by conda-forge | (main, Mar  5 2026, 16:59:26) [Clang 19.1.7 ]",
  "insertion_100": {
    "count": 100,
    "total_ms": 1.2896249972982332,
    "avg_ms_per_item": 0.012896249972982332,
    "throughput_per_sec": 77541.92126354575
  },
  "query_100": {
    "count": 100,
    "avg_ms": 0.0030133288237266243,
    "min_ms": 0.0002079905243590474,
    "max_ms": 0.06595799641218036,
    "p50_ms": 0.0002500019036233425,
    "p95_ms": 0.033083008020184934,
    "p99_ms": 0.06595799641218036
  },
  "count_100": {
    "iterations": 50,
    "avg_ms": 6.746005965396762e-05,
    "p95_ms": 0.000166997779160738,
    "p99_ms": 0.00037500285543501377
  },
  "memory_100": {
    "memory_count": 100,
    "estimated_mb": 0.033863067626953125,
    "per_item_bytes": 355.08,
    "index_entries": 137
  },
  "insertion_1k": {
    "count": 1000,
    "total_ms": 11.962832999415696,
    "avg_ms_per_item": 0.011962832999415696,
    "throughput_per_sec": 83592.23940088801
  },
  "query_1k": {
    "count": 100,
    "avg_ms": 0.02078612960758619,
    "min_ms": 0.0002079905243590474,
    "max_ms": 0.3608330007409677,
    "p50_ms": 0.0002500019036233425,
    "p95_ms": 0.266415998339653,
    "p99_ms": 0.3608330007409677
  },
  "count_1k": {
    "iterations": 50,
    "avg_ms": 5.255918949842453e-05,
    "p95_ms": 8.300412446260452e-05,
    "p99_ms": 0.00029199873097240925
  },
  "memory_1k": {
    "memory_count": 1000,
    "estimated_mb": 0.3336067199707031,
    "per_item_bytes": 349.812,
    "index_entries": 1037
  },
  "insertion_10k": {
    "count": 10000,
    "total_ms": 166.3848330063047,
    "avg_ms_per_item": 0.016638483300630467,
    "throughput_per_sec": 60101.63197760386
  },
  "query_10k": {
    "count": 100,
    "avg_ms": 0.08981461956864223,
    "min_ms": 0.0002079905243590474,
    "max_ms": 1.67275000421796,
    "p50_ms": 0.0002500019036233425,
    "p95_ms": 1.1777499894378707,
    "p99_ms": 1.67275000421796
  },
  "count_10k": {
    "iterations": 50,
    "avg_ms": 5.4200063459575176e-05,
    "p95_ms": 8.399365469813347e-05,
    "p99_ms": 0.00033300602808594704
  },
  "memory_10k": {
    "memory_count": 10000,
    "estimated_mb": 3.304859161376953,
    "per_item_bytes": 346.5396,
    "index_entries": 10037
  },
  "storage_default_1k": {
    "label": "Default",
    "backend": "none",
    "backend_type": "default",
    "count": 1000,
    "add_total_ms": 3253.4072499984177,
    "add_avg_ms": 3.2534072499984177,
    "add_throughput": 307.370065644406,
    "query_avg_ms": 0.11673171946313232,
    "query_p95_ms": 0.185500000952743
  },
  "storage_sqlite_1k": {
    "label": "SQLite",
    "backend": "sqlite",
    "backend_type": "sqlite",
    "count": 1000,
    "add_total_ms": 8648.148749998654,
    "add_avg_ms": 8.648148749998654,
    "add_throughput": 115.63168360166742,
    "query_avg_ms": 0.13224417925812304,
    "query_p95_ms": 0.14754199946764857
  },
  "plugin_manager": {
    "registered_plugins": 53,
    "discover_ms": 0.22783300664741546,
    "initialized_plugins": 52,
    "init_ms": 13.209333003032953,
    "health_report_ms": 0.06354200013447553,
    "health_summary": {
      "total_plugins": 53
    }
  },
  "lite_pro_10": {
    "count": 10,
    "add_total_ms": 12734.0488750051,
    "add_avg_ms": 1273.40488750051,
    "add_throughput": 0.7852961849100798,
    "query_avg_ms": 24.857099624176044,
    "query_p50_ms": 0.00029199873097240925,
    "query_p95_ms": 0.0004169996827840805,
    "count_operation": 10,
    "memory_protocol": true
  },
  "v3_features": {
    "pg_import": "OK",
    "pg_health_available": "no local PG (import checks only)",
    "redis_import": "OK",
    "sqlite_storage_backend": "OK (count=1)",
    "shared_helpers": "OK"
  },
  "regression_checks": [
    {
      "metric": "Insert throughput (1K)",
      "value": "83592 items/s",
      "target": ">500 items/s",
      "pass": true
    },
    {
      "metric": "Query P95 latency (1K)",
      "value": "0.27 ms",
      "target": "<100 ms",
      "pass": true
    },
    {
      "metric": "Memory (1K items)",
      "value": "0.33 MB",
      "target": "<50 MB",
      "pass": true
    },
    {
      "metric": "Plugin auto_discover",
      "value": "0 ms",
      "target": "<5000 ms",
      "pass": true
    }
  ],
  "regression_score": "4/4"
}