{
  "version": "3.0.0",
  "timestamp": "2026-05-29T11:53:26.461031",
  "python": "3.11.15 | packaged by conda-forge | (main, Mar  5 2026, 16:59:26) [Clang 19.1.7 ]",
  "insertion_100": {
    "count": 100,
    "total_ms": 2.20620799518656,
    "avg_ms_per_item": 0.0220620799518656,
    "throughput_per_sec": 45326.64201116897
  },
  "query_100": {
    "count": 100,
    "avg_ms": 0.003258319338783622,
    "min_ms": 0.0002079905243590474,
    "max_ms": 0.08120801066979766,
    "p50_ms": 0.0002500019036233425,
    "p95_ms": 0.03391699283383787,
    "p99_ms": 0.08120801066979766
  },
  "count_100": {
    "iterations": 50,
    "avg_ms": 7.587950676679611e-05,
    "p95_ms": 0.000166997779160738,
    "p99_ms": 0.0005829933797940612
  },
  "memory_100": {
    "memory_count": 100,
    "estimated_mb": 0.033863067626953125,
    "per_item_bytes": 355.08,
    "index_entries": 137
  },
  "insertion_1k": {
    "count": 1000,
    "total_ms": 12.991041992790997,
    "avg_ms_per_item": 0.012991041992790997,
    "throughput_per_sec": 76976.11943329265
  },
  "query_1k": {
    "count": 100,
    "avg_ms": 0.020573290094034746,
    "min_ms": 0.00016701233107596636,
    "max_ms": 0.3671660088002682,
    "p50_ms": 0.0002500019036233425,
    "p95_ms": 0.25754200760275126,
    "p99_ms": 0.3671660088002682
  },
  "count_1k": {
    "iterations": 50,
    "avg_ms": 5.4160773288458586e-05,
    "p95_ms": 8.400820661336184e-05,
    "p99_ms": 0.0003749883035197854
  },
  "memory_1k": {
    "memory_count": 1000,
    "estimated_mb": 0.3336067199707031,
    "per_item_bytes": 349.812,
    "index_entries": 1037
  },
  "insertion_10k": {
    "count": 10000,
    "total_ms": 177.83325001073536,
    "avg_ms_per_item": 0.017783325001073533,
    "throughput_per_sec": 56232.45371378145
  },
  "query_10k": {
    "count": 100,
    "avg_ms": 0.09081245909328572,
    "min_ms": 0.0002079905243590474,
    "max_ms": 1.7332920106127858,
    "p50_ms": 0.0002090091584250331,
    "p95_ms": 1.1986669996986166,
    "p99_ms": 1.7332920106127858
  },
  "count_10k": {
    "iterations": 50,
    "avg_ms": 5.3379335440695286e-05,
    "p95_ms": 8.400820661336184e-05,
    "p99_ms": 0.0002500019036233425
  },
  "memory_10k": {
    "memory_count": 10000,
    "estimated_mb": 3.304859161376953,
    "per_item_bytes": 346.5396,
    "index_entries": 10037
  },
  "storage_default_1k": {
    "label": "Default",
    "backend": "none",
    "backend_type": "default",
    "count": 1000,
    "add_total_ms": 3502.7097910060547,
    "add_avg_ms": 3.5027097910060547,
    "add_throughput": 285.4932494172685,
    "query_avg_ms": 0.1256668390124105,
    "query_p95_ms": 0.2623329928610474
  },
  "storage_sqlite_1k": {
    "label": "SQLite",
    "backend": "sqlite",
    "backend_type": "sqlite",
    "count": 1000,
    "add_total_ms": 8704.188083007466,
    "add_avg_ms": 8.704188083007466,
    "add_throughput": 114.88722330716004,
    "query_avg_ms": 0.16963500005658716,
    "query_p95_ms": 0.282666995190084
  },
  "plugin_manager": {
    "registered_plugins": 53,
    "discover_ms": 0.24004200531635433,
    "initialized_plugins": 52,
    "init_ms": 20.678790999227203,
    "health_report_ms": 0.0745410070521757,
    "health_summary": {
      "total_plugins": 53
    }
  },
  "lite_pro_10": {
    "count": 10,
    "add_total_ms": 10718.222209005035,
    "add_avg_ms": 1071.8222209005035,
    "add_throughput": 0.932990546846322,
    "query_avg_ms": 19.265655504597817,
    "query_p50_ms": 0.0002500019036233425,
    "query_p95_ms": 0.000333995558321476,
    "count_operation": 10,
    "memory_protocol": true
  },
  "v3_features": {
    "pg_import": "OK",
    "pg_health_available": "no local PG (import checks only)",
    "redis_import": "OK",
    "sqlite_storage_backend": "OK (count=1)",
    "shared_helpers": "OK"
  },
  "regression_checks": [
    {
      "metric": "Insert throughput (1K)",
      "value": "76976 items/s",
      "target": ">500 items/s",
      "pass": true
    },
    {
      "metric": "Query P95 latency (1K)",
      "value": "0.26 ms",
      "target": "<100 ms",
      "pass": true
    },
    {
      "metric": "Memory (1K items)",
      "value": "0.33 MB",
      "target": "<50 MB",
      "pass": true
    },
    {
      "metric": "Plugin auto_discover",
      "value": "0 ms",
      "target": "<5000 ms",
      "pass": true
    }
  ],
  "regression_score": "4/4"
}